[{"traceID":"2be38093ead7a083","spanID":"7606ddfe69932d34","flags":1,"operationName":"a071653098f9250d","references":[{"refType":"CHILD_OF","traceID":"2be38093ead7a083","spanID":"492770a15935810f"}],"startTime":1605223981761425,"duration":267037,"tags":[{"key":"span.kind","type":"string","value":"server"}],"logs":[],"process":{"serviceName":"16af988c443cff37","tags":[]},"warnings":null},
  {"traceID":"2be38093ead7a083","spanID":"7bd66f09ba90ea3d","flags":1,"operationName":"471418097747d04a","references":[{"refType":"CHILD_OF","traceID":"2be38093ead7a083","spanID":"7606ddfe69932d34"}],"startTime":1605223981965074,"duration":32782,"tags":[{"key":"span.kind","type":"string","value":"client"},{"key":"error","type":"bool","value":"true"}],"logs":[],"process":{"serviceName":"3c220036602f839e","tags":[]},"warnings":null}
]