{
  "spans": [
    {
      "traceId": "AAAAAAAAAAAAAAAAAAAAAQ==",
      "spanId": "AAAAAAAAAAI=",
      "operationName": "test-process-tags",
      "startTime": "1970-01-01T00:00:00-00:00",
      "process": {
        "serviceName": "service-x",
        "tags": [
          {
            "key": "hostname",
            "vStr": "some-host.com"
          },
          {
            "key": "ip",
            "vType": "INT64",
            "vInt64": 12345
          },
          {
            "key": "jaeger.version",
            "vStr": "Go-1.1"
          }
        ]
      },
      "tags": [
        {
          "key": "component",
          "vStr": "some-component"
        }
      ]
    }
  ]
}
